fitness,lr0
0.19935,0.01
0.1972,0.00898
0.16203,0.01034
0.20874,0.01074
0.18015,0.01059
0.17042,0.01057
0.16819,0.0139
