fitness,lr0
0.0,0.01
0.0,0.01123
0.0,0.01039
