fitness,lr0,batch
0.16182,0.01,10
0.18216,0.00935,10
0.1847,0.00935,10
